{
  "accuracy": 0.9778097679154524,
  "precision": 0.06362275449101797,
  "recall": 0.8673469387755102,
  "f1": 0.11854951185495119,
  "roc_auc": 0.9697414453963916,
  "n_test": 56962,
  "positive_rate_test": 0.0017204452090867595
}